Phylotype,ISBma3,ISBma2,ISRsy1,ISRme4,ISRso7,IS401,ISAisp2,ISButh1,ISRso10,ISRso11,ISRso12,ISRso14,ISRso16,ISRso20,ISRso13,IS1021,IS1405,IS1420,IS1421,ISRso1,ISRso18,ISRso9,Unknown_IS5,ISVei4,ISRso17,ISRso15
I,0.476190476,NA,0.472222222,NA,0.571428571,0.372093023,1,0.373333333,0.537313433,0.848214286,0.287128713,0.476190476,0.422727273,0.953488372,0.345679012,0.032258065,0.403061224,0.197916667,0.442857143,0.682593857,0.265734266,0.575757576,1,0.090909091,0.2,0.712643678
IIA,0.571428571,0,NA,NA,0.785714286,0,NA,NA,NA,NA,NA,NA,NA,NA,NA,0.285714286,NA,0.357142857,0.434782609,NA,NA,0.4,NA,NA,0.5,NA
IIB,0.981273408,0.944444444,0,0.004115226,0.038314176,NA,NA,1,0.995978552,NA,NA,NA,0.973282443,0.400646204,NA,0.465259051,0,NA,0,0.052173913,0,0.142857143,NA,0.166666667,0.333333333,NA
III,0.4,1,NA,NA,NA,NA,NA,NA,NA,NA,0,NA,0,0,0,NA,NA,0.111111111,0.35,0.111111111,NA,NA,NA,NA,0.5,NA
IV,0,NA,0.166666667,NA,NA,NA,NA,NA,0.789473684,NA,1,0,0.625,NA,NA,NA,NA,0.666666667,NA,0.5,NA,0.5625,NA,0.75,NA,NA
